"","season","total_sentiment"
"1","season 1",-0.371621621621622
"2","season 2",-0.177777777777778
"3","season 3",-0.443478260869565
"4","season 4",-0.318181818181818
"5","season 5",-0.582417582417582
"6","season 6",-0.318181818181818
"7","season 7",-0.925373134328358
"8","season 8",-0.525679758308157
